City,Cloudiness,Country,Date,Humidity,Lat,Lng,Max Temp,Wind Speed
Vaini,20,TO,1519315200,83,-21.2,-175.2,77.0,11.65
Rikitea,92,PF,1519319660,98,-23.12,-134.97,80.78,5.95
Punta Arenas,40,CL,1519315200,48,-53.16,-70.91,60.8,27.51
Ushuaia,20,AR,1519315200,58,-54.81,-68.31,57.2,19.46
Hermanus,8,ZA,1519319664,56,-34.42,19.24,74.25,2.59
Bredasdorp,8,ZA,1519315200,69,-34.53,20.04,75.2,12.75
Kruisfontein,0,ZA,1519319667,84,-34.0,24.73,70.83,11.99
Port Elizabeth,20,ZA,1519315200,88,-33.92,25.57,71.6,14.99
Port Alfred,0,ZA,1519319670,82,-33.59,26.89,74.57,18.03
East London,20,ZA,1519315200,88,-33.02,27.91,75.2,16.11
Busselton,24,AU,1519319674,100,-33.64,115.35,65.75,19.04
Albany,92,AU,1519319675,97,-35.02,117.88,64.76,8.97
New Norfolk,0,AU,1519317000,87,-42.78,147.06,57.2,4.7
Hobart,0,AU,1519317000,87,-42.88,147.33,57.2,4.7
Bluff,64,NZ,1519319680,100,-46.6,168.33,59.14,23.62
Cape Town,0,ZA,1519315200,57,-33.93,18.42,78.8,9.17
Mar del Plata,12,AR,1519319682,36,-46.43,-67.52,70.2,9.42
Chuy,36,UY,1519319684,79,-33.69,-53.46,74.84,16.02
Saint-Philippe,0,RE,1519317000,83,-21.36,55.77,78.8,6.96
Cidreira,56,BR,1519319686,77,-30.17,-50.22,76.19,14.45
Castro,88,CL,1519319688,73,-42.48,-73.76,60.75,6.17
Arraial do Cabo,40,BR,1519315200,74,-22.97,-42.02,84.2,9.17
Mahebourg,75,MU,1519315200,88,-20.41,57.7,77.0,6.93
Mount Gambier,92,AU,1519319693,95,-37.83,140.78,65.52,4.38
Tuatapere,56,NZ,1519319695,100,-46.13,167.69,54.91,13.0
Coihaique,0,CL,1519315200,44,-45.58,-72.07,60.8,4.7
Rio Gallegos,0,AR,1519319596,59,-51.62,-69.22,63.68,9.75
Rawson,44,AR,1519319699,36,-43.3,-65.11,72.72,9.86
Rocha,0,UY,1519319700,55,-34.48,-54.34,77.27,10.76
Kaitangata,64,NZ,1519319702,84,-46.28,169.85,54.0,17.58
Avarua,75,CK,1519315200,88,-21.21,-159.78,78.8,8.05
Viedma,0,AR,1519319705,40,-40.81,-62.99,74.84,16.02
Jamestown,56,SH,1519319708,100,-15.94,-5.72,73.94,15.79
Souillac,75,MU,1519315200,88,-20.52,57.52,77.0,6.93
Port Lincoln,92,AU,1519319712,66,-34.72,135.86,78.62,12.66
Portland,36,AU,1519319714,94,-33.35,149.98,52.66,2.71
Te Anau,0,NZ,1519319715,90,-45.41,167.72,35.87,2.37
Ranfurly,32,NZ,1519319716,88,-45.13,170.1,32.85,2.37
Ancud,80,CL,1519319718,73,-41.87,-73.83,62.69,5.61
San Carlos de Bariloche,75,AR,1519315200,45,-41.13,-71.31,64.4,6.93
Tres Arroyos,20,AR,1519319721,35,-38.38,-60.28,85.91,11.32
Saldanha,32,ZA,1519315200,42,-33.01,17.94,80.6,12.75
Margate,8,ZA,1519319724,92,-30.86,30.37,74.97,17.36
Lakes Entrance,68,AU,1519319725,92,-37.88,147.99,66.29,3.27
Westport,0,NZ,1519319726,100,-41.75,171.6,44.69,1.59
Lebu,92,CL,1519319728,94,-37.62,-73.65,62.06,8.63
Rengo,0,CL,1519315200,39,-34.41,-70.86,82.4,13.87
Chivilcoy,0,AR,1519319731,49,-34.9,-60.02,81.72,4.38
Rio Grande,75,BR,1519315200,65,-32.03,-52.1,77.0,12.75
Luderitz,44,NA,1519315200,73,-26.65,15.16,71.6,24.16
Richards Bay,76,ZA,1519319735,82,-28.77,32.06,74.39,7.07
Bambous Virieux,75,MU,1519315200,88,-20.34,57.76,77.0,6.93
Flinders,36,AU,1519318800,100,-34.58,150.85,60.8,3.36
Murray Bridge,76,AU,1519319739,68,-35.12,139.28,77.0,13.22
Goulburn,64,AU,1519319740,84,-34.75,149.72,54.0,3.71
Port Macquarie,92,AU,1519318800,88,-31.43,152.91,62.6,6.4
Ahipara,92,NZ,1519319743,89,-35.17,173.16,65.7,9.98
Coquimbo,90,CL,1519315200,77,-29.95,-71.34,66.2,6.93
Vicuna,90,CL,1519315200,77,-30.03,-70.71,66.2,6.93
Reconquista,0,AR,1519319747,48,-29.14,-59.64,84.74,9.08
Tramandai,56,BR,1519319749,77,-29.98,-50.13,76.19,14.45
Sao Joao da Barra,88,BR,1519319458,94,-21.64,-41.05,81.77,18.48
Calvinia,68,ZA,1519319752,24,-31.47,19.78,84.47,9.64
Richmond,12,ZA,1519319753,88,-29.87,30.27,65.75,2.37
Beloha,36,MG,1519319754,75,-25.17,45.06,76.37,13.56
Carnarvon,0,AU,1519319756,98,-24.87,113.63,75.92,18.03
Geraldton,90,AU,1519317000,78,-28.77,114.6,71.6,16.11
Northam,40,AU,1519318800,93,-31.65,116.67,60.8,4.7
Yulara,0,AU,1519318800,60,-25.24,130.99,75.2,9.17
Broken Hill,68,AU,1519319761,47,-31.97,141.45,81.59,16.24
Narrabri,36,AU,1519319763,69,-30.33,149.78,65.03,6.62
Byron Bay,90,AU,1519317000,94,-28.65,153.62,71.6,5.82
Alofi,56,NU,1519315200,94,-19.06,-169.92,73.4,1.12
Puerto Ayora,40,EC,1519315200,70,-0.74,-90.35,84.2,12.75
Taltal,0,CL,1519319770,53,-25.41,-70.49,74.84,5.39
Presidencia Roque Saenz Pena,0,AR,1519319771,54,-26.79,-60.44,88.25,7.4
Carambei,0,BR,1519319773,65,-24.92,-50.1,77.22,7.85
Vila Velha,75,BR,1519315200,83,-3.71,-38.6,80.6,3.36
Walvis Bay,75,NA,1519315200,68,-22.95,14.51,68.0,17.22
Aranos,24,NA,1519319777,25,-24.14,19.11,86.09,12.66
Lydenburg,80,ZA,1519319778,85,-25.1,30.46,61.47,1.92
Vangaindrano,56,MG,1519319781,91,-23.35,47.6,73.98,2.04
Port Hedland,0,AU,1519318800,88,-20.31,118.58,80.6,8.05
Mount Isa,0,AU,1519318800,78,-20.73,139.49,80.6,8.05
Biloela,88,AU,1519319786,97,-24.4,150.51,70.97,4.72
Koumac,8,NC,1519319788,96,-20.56,164.28,74.3,4.61
Vao,76,NC,1519319789,100,-22.67,167.48,78.08,7.96
Teahupoo,40,PF,1519317000,78,-17.83,-149.27,77.0,3.36
Pisco,0,PE,1519315200,78,-13.71,-76.2,71.6,9.17
Iquique,0,CL,1519315200,47,-20.22,-70.14,78.8,13.87
Mayor Pablo Lagerenza,0,PY,1519319795,84,-19.93,-60.77,86.63,9.86
Cardoso,64,BR,1519319796,87,-20.08,-49.91,82.54,6.4
Serra,68,BR,1519319798,84,-20.13,-40.31,83.39,15.23
Caravelas,56,BR,1519319799,100,-17.73,-39.27,80.29,17.81
Georgetown,20,SH,1519318200,69,-7.93,-14.42,80.6,13.87
Opuwo,12,NA,1519319802,26,-18.06,13.84,83.44,10.42
Grootfontein,48,NA,1519319804,98,-19.56,18.1,64.22,6.73
Shurugwi,92,ZW,1519319805,98,-19.67,30.0,65.57,9.19
Mocuba,76,MZ,1519319806,81,-16.84,36.99,79.16,5.84
Mahanoro,76,MG,1519319808,94,-19.9,48.8,75.16,2.48
Hithadhoo,0,MV,1519319809,100,-0.6,73.08,83.44,11.43
Kununurra,8,AU,1519318800,94,-15.77,128.74,78.8,2.24
Mackay,75,AU,1519315200,94,-21.15,149.2,77.0,4.7
Poum,8,NC,1519319815,100,-20.23,164.02,80.82,7.74
Isangel,76,VU,1519319816,100,-19.55,169.27,80.33,9.19
Fare,20,PF,1519319820,100,-16.7,-151.02,80.1,16.35
Atuona,92,PF,1519319822,100,-9.8,-139.03,78.94,15.46
Huarmey,8,PE,1519319823,49,-10.07,-78.15,78.89,3.71
Azangaro,90,PE,1519315200,87,-14.91,-70.2,42.8,8.05
Pontes e Lacerda,92,BR,1519319826,100,-15.23,-59.33,72.5,3.94
Rubiataba,68,BR,1519319827,89,-15.16,-49.8,78.57,4.5
Ibicui,0,BR,1519319717,74,-14.84,-39.99,86.0,3.6
Maceio,75,BR,1519315200,70,-9.67,-35.74,86.0,12.75
Namibe,24,AO,1519319832,100,-15.19,12.15,77.14,7.74
Menongue,92,AO,1519319833,97,-14.66,17.68,66.16,3.38
Luangwa,12,ZM,1519319834,79,-12.88,28.25,71.6,3.94
Antalaha,80,MG,1519319837,92,-14.9,50.28,78.98,5.95
Cap Malheureux,75,MU,1519315200,88,-19.98,57.61,77.0,6.93
Quatre Cocos,75,MU,1519315200,88,-20.21,57.76,77.0,6.93
Bambanglipuro,64,ID,1519319843,95,-7.95,110.28,73.04,2.82
Broome,0,AU,1519318800,78,-17.97,122.23,80.6,5.82
Port Keats,36,AU,1519319846,90,-14.25,129.55,83.25,13.44
Alyangula,48,AU,1519319847,100,-13.85,136.42,84.11,18.59
Samarai,36,PG,1519319849,100,-10.62,150.67,81.41,6.73
Kirakira,64,SB,1519319850,100,-10.46,161.92,81.86,5.39
Sola,92,VU,1519319852,89,-13.88,167.55,85.01,4.61
Faanui,20,PF,1519319856,100,-16.48,-151.75,80.42,15.57
San Cristobal,88,EC,1519319857,100,-1.02,-79.44,64.54,3.27
Chimbote,0,PE,1519319858,79,-9.08,-78.59,73.81,5.39
Manoel Urbano,56,BR,1519319860,70,-8.84,-69.26,87.26,1.7
Aripuana,80,BR,1519319861,82,-9.17,-60.63,81.41,2.93
Jaguarari,32,BR,1519319864,59,-10.26,-40.2,86.85,3.94
Olinda,40,BR,1519315200,66,-22.82,-43.41,87.8,14.99
Luanda,75,AO,1519318800,74,-8.83,13.24,82.4,6.93
Saurimo,92,AO,1519319868,79,-9.66,20.4,73.22,2.37
Luwingu,20,ZM,1519319869,91,-10.26,29.92,67.73,4.38
Lindi,32,TZ,1519319870,83,-10.0,39.71,78.53,3.94
Ambilobe,76,MG,1519319872,100,-13.19,49.05,72.77,3.04
Victoria,75,SC,1519315200,83,-4.62,55.45,80.6,2.24
Waingapu,44,ID,1519319875,99,-9.65,120.26,72.86,3.27
Merauke,64,ID,1519319877,100,-8.49,140.4,77.99,9.75
Honiara,75,SB,1519315200,94,-9.43,159.96,77.0,2.24
Morropon,56,PE,1519319884,85,-5.18,-79.97,76.91,2.82
Benjamin Constant,75,BR,1519315200,74,-4.38,-70.03,87.8,3.36
Novo Aripuana,80,BR,1519319887,84,-5.12,-60.38,82.85,2.93
Itupiranga,75,BR,1519315200,74,-5.13,-49.33,84.2,5.82
Boa Viagem,36,BR,1519319890,95,-5.13,-39.73,79.93,6.51
Cabedelo,44,BR,1519319891,84,-6.97,-34.84,83.97,11.21
Port-Gentil,20,GA,1519315200,74,-0.72,8.78,86.0,9.17
Mayumba,20,GA,1519319894,94,-3.44,10.65,80.87,7.74
Ilebo,36,CD,1519319895,80,-4.33,20.59,79.93,2.82
Mwandiga,64,TZ,1519319897,100,-4.84,29.66,72.86,2.93
Micheweni,12,TZ,1519319869,100,-4.97,39.83,82.18,11.88
Meulaboh,92,ID,1519319899,100,4.14,96.13,73.85,5.95
Mlonggo,68,ID,1519319901,100,-6.53,110.7,74.12,4.5
Sinjai,24,ID,1519319902,100,-5.12,120.25,71.51,2.71
Amahai,56,ID,1519319904,100,-3.31,129.0,81.95,4.38
Kiunga,68,PG,1519319905,98,-6.12,141.3,71.51,2.15
Kimbe,68,PG,1519319907,100,-5.56,150.15,78.71,2.15
Buala,0,SB,1519319908,100,-8.15,159.59,77.9,2.93
Ixtapa,75,MX,1519314600,73,20.71,-105.21,73.4,2.71
Pedernales,36,EC,1519319913,100,0.07,-80.05,80.42,4.94
Mitu,20,CO,1519319915,29,1.2,-70.17,98.51,5.39
Boa Vista,90,BR,1519315200,43,2.82,-60.67,87.8,12.75
Touros,88,BR,1519319921,96,-5.2,-35.46,77.9,7.4
Harper,88,LR,1519319922,100,4.38,-7.71,81.45,11.21
Takoradi,76,GH,1519319923,95,4.89,-1.75,82.04,11.21
Kango,76,GA,1519319925,80,0.19,10.1,80.73,2.37
Boende,64,CD,1519319926,100,-0.28,20.88,71.1,3.15
Kilembe,88,UG,1519319928,92,0.2,30.01,70.47,2.93
Garissa,24,KE,1519319929,86,-0.46,39.64,77.14,7.74
Mogadishu,32,SO,1519319930,99,2.04,45.34,79.47,16.8
Thinadhoo,12,MV,1519319932,100,0.53,72.93,83.44,12.77
Matara,36,LK,1519319934,100,5.95,80.54,76.64,4.5
Payakumbuh,64,ID,1519319935,93,-0.23,100.63,71.73,2.37
Pontianak,36,ID,1519319936,99,-0.02,109.34,77.18,4.38
Palu,24,ID,1519319938,97,-0.9,119.87,65.12,1.59
Sorong,0,ID,1519319939,100,-0.86,131.25,82.62,5.61
Vanimo,48,PG,1519319941,100,-2.67,141.3,82.54,10.09
Kavieng,68,PG,1519319942,100,-2.57,150.8,83.07,4.83
Kieta,8,PG,1519319944,96,-6.22,155.63,78.35,1.81
Hilo,90,US,1519316760,94,19.71,-155.08,69.8,6.93
Cabo San Lucas,75,MX,1519314480,72,22.89,-109.91,64.4,2.24
Coahuayana,0,MX,1519319949,31,18.62,-100.35,82.85,3.04
Puerto Escondido,5,MX,1519314000,51,15.86,-97.07,84.2,6.93
La Palma,0,PA,1519319952,56,8.4,-78.14,91.22,5.84
Lethem,64,GY,1519319954,36,3.38,-59.8,93.79,10.2
Sao Filipe,20,CV,1519319957,100,14.9,-24.5,67.55,10.98
Buchanan,40,LR,1519318800,66,5.88,-10.05,87.8,16.11
Accra,0,GH,1519318800,74,5.56,-0.21,84.2,16.11
Nkongsamba,36,CM,1519319963,90,4.95,9.94,74.97,2.15
Kouango,64,CF,1519319964,72,4.99,19.98,79.66,2.48
Shakiso,20,ET,1519319967,95,5.77,38.9,57.79,2.15
Hobyo,92,SO,1519319968,88,5.35,48.53,76.77,12.21
Bandarbeyla,20,SO,1519319672,100,9.49,50.81,75.83,9.42
Eydhafushi,8,MV,1519319971,100,5.1,73.07,82.13,7.85
Weligama,36,LK,1519319973,100,5.97,80.42,76.64,4.5
Banda Aceh,92,ID,1519319705,100,5.56,95.32,72.41,1.81
Sibu,75,MY,1519318800,100,2.29,111.83,75.2,2.24
Parangan,0,PH,1519319978,100,5.08,119.94,82.98,7.85
Pundaguitan,0,PH,1519319980,100,6.37,126.17,81.68,11.88
Lorengau,0,PG,1519319982,98,-2.02,147.27,83.3,4.38
Namatanai,12,PG,1519319984,100,-3.66,152.44,81.59,2.26
Butaritari,36,KI,1519319985,100,3.07,172.79,81.95,14.23
Kapaa,75,US,1519318560,94,22.08,-159.32,73.4,14.99
San Patricio,40,MX,1519318200,78,19.22,-104.7,82.4,3.71
La Libertad,20,SV,1519318200,36,13.49,-89.32,93.2,8.05
Portobelo,20,PA,1519315200,62,9.55,-79.65,86.0,11.41
Carora,8,VE,1519319992,32,10.17,-70.08,87.75,11.54
Rio Claro,75,TT,1519315200,65,10.31,-61.18,82.4,14.99
Sinnamary,92,GF,1519319995,100,5.38,-52.96,77.63,7.63
Carutapera,80,BR,1519319997,92,-1.2,-46.02,79.34,6.96
Oussouye,0,SN,1519318800,69,12.49,-16.54,91.4,9.17
Tokonou,32,GN,1519319999,23,9.65,-9.78,94.23,6.17
Yendi,24,GH,1519320001,42,9.45,0.0,92.48,4.05
Bauchi,56,NG,1519320002,45,10.31,9.85,82.49,4.61
Am Timan,24,TD,1519320004,26,11.04,20.28,90.64,4.38
Kavaratti,0,IN,1519320009,100,10.57,72.64,83.3,6.73
Valvedditturai,0,LK,1519320010,99,9.82,80.17,77.85,11.32
Port Blair,12,IN,1519320012,98,11.67,92.75,82.76,10.42
Ko Samui,100,TH,1519319958,100,9.54,99.94,82.13,11.43
Osmena,0,PH,1519320016,100,12.17,124.59,72.5,7.63
Bacolod,68,PH,1519320017,76,10.68,122.95,78.8,12.21
Ewa Beach,1,US,1519318620,83,21.32,-158.01,75.2,5.73
Guerrero Negro,0,MX,1519320020,55,27.97,-114.04,60.89,11.54
Acapulco,5,MX,1519317840,48,16.86,-99.88,86.0,3.36
San Agustin Acasaguastlan,0,GT,1519320023,45,14.95,-89.97,78.04,1.92
San Andres,40,CO,1519315200,66,8.22,-76.58,86.0,16.11
Oranjestad,20,AW,1519315200,74,12.52,-70.03,82.4,23.04
Le Vauclin,68,MQ,1519317000,65,14.55,-60.84,80.6,17.22
Bathsheba,40,BB,1519315200,65,13.22,-59.52,82.4,24.16
Ponta do Sol,0,CV,1519320030,100,17.2,-25.09,67.46,8.97
Porto Novo,20,CV,1519318800,53,17.02,-25.06,73.4,10.29
Dakar,20,SN,1519315200,77,14.69,-17.45,69.8,6.93
Gorom-Gorom,0,BF,1519320035,25,14.45,-0.24,92.07,4.5
Goure,8,NE,1519320037,26,13.98,10.27,89.1,6.62
Biltine,0,TD,1519320038,32,14.53,20.93,82.22,5.61
Salalah,40,OM,1519314600,69,17.01,54.1,75.2,6.93
Kavali,0,IN,1519320046,91,14.91,79.99,69.08,6.73
Doembang Nangbuat,76,TH,1519319757,99,14.85,100.1,70.7,5.95
Quang Ngai,92,VN,1519320049,100,15.12,108.8,69.89,2.37
San Narciso,20,PH,1519318800,78,15.02,120.08,78.8,5.82
San Policarpo,32,PH,1519320052,96,12.18,125.51,77.99,13.44
Lompoc,1,US,1519318560,75,34.64,-120.46,53.6,4.7
Constitucion,40,MX,1519317840,41,23.99,-104.67,60.8,5.82
Temascalcingo,0,MX,1519320056,50,19.92,-100.0,69.12,2.59
Hecelchakan,40,MX,1519317660,66,20.17,-90.13,84.2,11.41
Bodden Town,75,KY,1519315200,88,19.28,-81.25,80.6,12.75
Sosua,75,DO,1519315200,73,19.77,-70.52,77.0,23.04
Nouadhibou,0,MR,1519318800,63,20.93,-17.03,66.2,13.87
Atar,36,MR,1519320065,15,20.52,-13.05,82.98,6.4
Tessalit,0,ML,1519320066,24,20.2,1.01,75.83,14.79
Arlit,0,NE,1519320067,34,18.74,7.39,80.29,12.33
Marawi,0,SD,1519320070,24,18.48,31.82,79.7,3.83
Mecca,0,SA,1519315200,55,21.43,39.83,86.0,2.24
Sur,48,OM,1519320074,98,22.57,59.53,73.22,5.39
Veraval,0,IN,1519320076,69,20.9,70.37,75.38,12.44
Mul,0,IN,1519320077,65,20.07,79.68,67.64,3.15
Mathbaria,0,BD,1519320078,77,22.29,89.96,69.31,1.03
Chiang Rai,40,TH,1519318800,83,19.9,99.84,71.6,2.37
Lingao,92,CN,1519320081,100,19.91,109.69,59.54,9.75
Davila,68,PH,1519320083,100,18.47,120.58,76.1,20.27
Itoman,90,JP,1519318560,93,26.12,127.67,60.8,9.17
Naze,80,JP,1519320086,100,28.37,129.48,59.18,16.69
Katsuura,0,JP,1519320087,93,33.93,134.5,32.63,5.61
La Paz,40,MX,1519317600,55,24.15,-110.32,64.4,5.82
Galeana,8,MX,1519320090,53,24.83,-100.08,69.08,3.94
Progreso,8,MX,1519320091,68,20.25,-99.19,65.75,3.49
Key Largo,40,US,1519318560,69,25.09,-80.45,80.6,17.22
Cockburn Town,32,TC,1519320094,98,21.46,-71.14,77.14,23.17
The Valley,20,AI,1519318800,51,18.22,-63.06,82.4,14.99
Los Llanos de Aridane,75,ES,1519318800,72,28.66,-17.92,64.4,9.17
Tiznit,44,MA,1519320098,88,29.7,-9.73,56.89,5.17
Adrar,0,DZ,1519318800,14,27.87,-0.29,71.6,13.87
Awjilah,56,LY,1519320102,43,29.14,21.3,65.7,2.93
Sohag,88,EG,1519320104,65,26.55,31.7,64.94,6.85
Umm Lajj,80,SA,1519320105,73,25.02,37.27,72.77,8.86
Umm Bab,0,QA,1519320106,86,25.21,50.81,62.51,4.05
Chabahar,76,IR,1519320077,100,25.29,60.65,73.4,8.63
Mithi,8,PK,1519320109,40,24.74,69.8,74.52,10.65
Khajuraho,12,IN,1519320111,53,24.85,79.93,63.59,2.26
Sherpur,0,BD,1519320112,85,25.02,90.01,62.1,4.38
Dali,0,CN,1519320113,95,25.6,100.24,44.06,3.49
Guilin,0,CN,1519315200,81,25.28,110.29,46.4,2.24
Gushikawa,90,JP,1519318560,93,26.35,127.87,60.8,9.17
Shingu,92,JP,1519320119,100,33.72,135.99,45.32,4.94
Hasaki,90,JP,1519318140,100,35.73,140.83,35.6,6.93
Kahului,20,US,1519319700,88,20.89,-156.47,73.4,5.82
Pacific Grove,90,US,1519318500,61,36.62,-121.92,48.2,10.29
Rosarito,75,MX,1519317960,44,27.04,-109.91,60.8,6.93
Cumpas,0,MX,1519320125,31,30.0,-109.78,55.31,2.93
Uvalde,90,US,1519318500,93,29.21,-99.79,46.4,3.36
Chalmette,40,US,1519319700,61,29.94,-89.96,82.4,18.34
Ormond Beach,5,US,1519318380,69,29.29,-81.06,80.6,11.41
Hamilton,75,BM,1519318500,60,32.3,-64.78,68.0,4.7
Saint George,75,BM,1519318500,60,32.38,-64.68,68.0,4.7
Ribeira Grande,20,PT,1519318800,72,38.52,-28.7,62.6,9.17
Nalut,68,LY,1519320135,60,31.86,10.98,56.66,5.5
Ajdabiya,0,LY,1519320136,56,30.75,20.22,59.54,4.94
Madinat Sittah Uktubar,75,EG,1519318800,35,29.82,31.05,71.6,6.93
Zabol,0,IR,1519315200,57,31.03,61.49,64.4,4.7
Barkhan,48,PK,1519320143,52,29.9,69.52,55.54,4.27
Bageshwar,0,IN,1519319938,72,29.85,79.77,33.53,2.48
Enshi,36,CN,1519320148,95,30.29,109.48,28.4,2.15
Fuyang,0,CN,1519320149,76,32.89,115.81,38.88,11.65
Kaseda,24,JP,1519320151,100,31.42,130.32,50.81,16.69
Shimoda,92,JP,1519320152,100,34.7,138.93,41.9,8.63
Severo-Kurilsk,36,RU,1519320155,100,50.68,156.12,21.02,22.39
Fortuna,90,US,1519319100,100,40.6,-124.16,41.0,3.36
Pacifica,20,US,1519318560,49,37.61,-122.49,48.2,28.86
Santa Maria,1,US,1519318560,66,34.95,-120.44,48.2,3.36
Winslow,1,US,1519318560,21,35.02,-110.7,39.2,19.46
Elk City,90,US,1519318500,92,35.41,-99.4,30.2,6.93
Southaven,90,US,1519318440,93,34.99,-90.01,46.4,4.7
Rockingham,90,US,1519318560,64,34.94,-79.77,77.0,11.41
Torbay,40,CA,1519318800,62,47.66,-52.73,23.0,19.46
Ponta do Sol,75,PT,1519318800,67,32.67,-17.1,60.8,2.24
Methoni,20,GR,1519318200,76,36.82,21.7,55.4,6.85
Kumluca,68,TR,1519320174,91,36.37,30.29,39.92,1.36
Abu Kamal,12,SY,1519320176,83,34.45,40.92,45.32,3.15
Tafresh,20,IR,1519320177,91,34.69,50.01,35.51,2.15
Torbat-e Jam,36,IR,1519320178,87,35.24,60.63,39.65,1.59
Tagab,8,AF,1519318200,45,34.85,69.65,46.4,1.12
Leh,80,IN,1519320181,61,34.16,77.58,-6.57,0.92
Xining,0,CN,1519320182,51,36.62,101.77,6.89,2.26
Weinan,0,CN,1519315200,79,34.5,109.46,28.4,2.24
Rizhao,0,CN,1519320185,65,35.43,119.46,32.72,5.61
Fukuma,20,JP,1519317000,80,33.77,130.47,39.2,3.36
Kamogawa,75,JP,1519317000,93,35.13,140.08,37.4,11.41
Kamaishi,76,JP,1519320189,79,39.28,141.86,19.99,4.38
Nikolskoye,20,RU,1519317000,84,59.7,30.79,8.6,8.95
Provideniya,24,RU,1519320192,100,64.42,-173.23,18.41,28.99
Kodiak,90,US,1519318380,100,39.95,-94.76,28.4,6.93
Sun Valley,90,US,1519318260,92,43.7,-114.35,19.4,3.15
Price,40,US,1519318380,79,39.6,-110.81,24.8,3.15
Lexington,90,US,1519319700,93,38.05,-84.5,50.0,10.29
Jacksonville,40,US,1519319700,54,30.33,-81.66,80.6,12.75
Uniontown,90,US,1519318860,93,39.9,-79.72,39.2,4.7
Nantucket,90,US,1519318560,70,41.28,-70.1,42.8,17.22
Port Hawkesbury,90,CA,1519318800,67,45.62,-61.36,19.4,21.92
Vila Franca do Campo,20,PT,1519318800,82,37.72,-25.43,62.6,11.41
Peniche,0,PT,1519318800,54,39.36,-9.38,60.8,9.17
Burriana,0,ES,1519318800,46,39.89,-0.08,50.0,8.05
Tortoli,40,IT,1519318500,75,39.93,9.66,44.6,6.93
Delvine,20,AL,1519318200,71,39.95,20.1,57.2,4.7
Bozuyuk,75,TR,1519318200,76,39.91,30.04,50.0,4.7
Bayburt,68,TR,1519320214,100,40.26,40.22,29.7,1.7
Hazorasp,68,UZ,1519317000,80,41.32,61.08,35.6,6.93
Aksu,0,CN,1519320219,59,41.12,80.26,7.25,3.15
Korla,0,CN,1519320221,63,41.76,86.15,10.99,2.59
Zhangye,0,CN,1519320222,58,38.94,100.46,10.94,5.73
Dongsheng,0,CN,1519320224,89,29.72,112.52,39.2,9.31
Qinhuangdao,24,CN,1519320225,65,39.94,119.59,12.42,2.48
Khasan,8,RU,1519320226,95,42.43,130.64,21.56,11.32
Tenno,64,JP,1519320228,100,39.9,139.97,36.41,15.01
Bethel,90,US,1519318380,92,60.79,-161.76,28.4,23.04
Sitka,88,US,1519320231,92,37.17,-99.65,26.29,5.06
Newport,90,US,1519318560,52,41.49,-71.31,44.6,8.05
Hermiston,90,US,1519318380,79,45.84,-119.29,26.6,11.41
Livingston,90,US,1519318380,71,45.66,-110.56,8.6,3.36
Pierre,75,US,1519318380,85,44.37,-100.35,14.0,11.41
Merrill,90,US,1519318380,79,42.03,-121.6,26.6,10.29
Midland,75,CA,1519318800,63,44.75,-79.89,28.4,3.36
Madison,90,US,1519318560,68,43.07,-89.38,33.8,10.29
Lagoa,0,PT,1519318800,58,37.14,-8.45,59.0,6.93
Carballo,0,ES,1519318800,54,43.21,-8.69,53.6,6.93
Libourne,0,FR,1519318800,42,44.91,-0.24,44.6,13.87
Cremona,75,IT,1519318500,80,45.13,10.03,39.2,4.7
Sulina,92,RO,1519320252,100,45.16,29.65,34.52,9.98
Novolabinskaya,90,RU,1519317000,86,45.11,39.9,39.2,6.71
Fort-Shevchenko,88,KZ,1519320255,100,44.51,50.26,32.67,7.18
Sarkand,92,KZ,1519320259,90,45.41,79.91,29.07,4.27
Hovd,32,MN,1519320262,44,48.01,91.64,-3.87,1.92
Darhan,64,MN,1519320263,65,49.49,105.92,0.9,4.38
Chaihe,0,CN,1519320266,60,44.77,129.68,-3.28,2.82
Wakkanai,76,JP,1519320267,100,45.41,141.67,31.1,13.0
Port Hardy,20,CA,1519318800,92,50.7,-127.42,28.4,4.7
Peachland,40,CA,1519318860,78,49.77,-119.75,17.6,5.82
Maple Creek,44,CA,1519320272,70,49.91,-109.46,7.25,5.39
Brandon,20,CA,1519318800,70,49.85,-99.96,1.4,2.24
Thunder Bay,20,CA,1519318800,61,48.41,-89.26,15.8,4.7
Cochrane,90,CA,1519318800,77,51.19,-114.47,14.0,8.05
Forestville,40,CA,1519318800,61,48.74,-69.09,14.0,14.99
Saint-Augustin,90,CA,1519318800,53,45.63,-73.98,23.0,3.36
Bonavista,12,CA,1519320280,100,48.65,-53.11,16.83,26.31
Nanortalik,0,GL,1519320281,100,60.14,-45.24,14.58,29.89
Dingle,24,IE,1519320283,94,52.14,-10.27,45.95,19.26
Skibbereen,75,IE,1519318800,87,51.55,-9.27,42.8,12.75
Fecamp,0,FR,1519318800,64,49.76,0.37,37.4,14.99
Werneck,1,DE,1519318560,65,49.98,10.1,32.0,12.75
Wieliczka,75,PL,1519318800,73,49.98,20.06,26.6,12.75
Fastiv,75,UA,1519317000,73,50.08,29.92,26.6,8.95
Mitrofanovka,32,RU,1519320291,79,49.97,39.69,8.69,8.75
Ozinki,76,RU,1519320293,75,51.2,49.73,8.06,5.17
Dombarovskiy,76,RU,1519320294,74,50.76,59.54,9.86,3.04
Astana,75,KZ,1519317000,91,51.13,71.43,-0.41,6.71
Semey,0,KZ,1519320297,73,50.41,80.25,5.85,2.37
Mugur-Aksy,0,RU,1519320298,73,50.38,90.44,2.3,3.83
Moron,36,MN,1519320300,63,47.38,110.32,-6.26,6.4
Krasnyy Chikoy,8,RU,1519320302,58,50.36,108.75,-8.68,2.37
Hailar,44,CN,1519320303,47,49.2,119.7,-9.23,4.94
Novobureyskiy,0,RU,1519320305,63,49.8,129.88,-13.91,3.27
Vysokogornyy,32,RU,1519320306,62,50.1,139.13,-14.98,2.15
Vostok,68,RU,1519320307,78,46.45,135.83,3.42,1.92
Petropavlovsk-Kamchatskiy,75,RU,1519315200,85,53.05,158.65,10.4,4.47
Egvekinot,76,RU,1519320310,79,66.32,-179.17,3.56,2.04
Prince Rupert,90,CA,1519318800,86,54.32,-130.32,30.2,4.7
Beaverlodge,20,CA,1519318800,84,55.21,-119.43,6.8,4.7
The Pas,40,CA,1519318800,51,53.82,-101.24,10.4,19.46
Sioux Lookout,20,CA,1519318800,56,50.1,-91.92,12.2,9.17
Port-Cartier,75,CA,1519318800,46,50.03,-66.88,10.4,17.22
Grindavik,75,IS,1519317000,100,63.84,-22.43,32.0,25.28
Vestmannaeyjar,40,IS,1519316400,74,63.44,-20.27,33.8,34.45
Ballina,75,IE,1519318800,87,54.11,-9.15,42.8,10.29
Scarborough,12,GB,1519318200,69,54.28,-0.41,39.2,6.93
Guderup,20,DK,1519318200,92,54.99,9.87,33.8,3.36
Spas-Klepiki,48,RU,1519320333,80,55.13,40.18,4.28,6.62
Bazarnyye Mataki,68,RU,1519320334,78,54.9,49.93,9.23,7.4
Turgoyak,8,RU,1519320336,70,55.15,60.12,5.99,6.17
Bulaevo,80,KZ,1519320337,84,54.91,70.44,14.4,12.66
Kargat,56,RU,1519320338,83,55.19,80.28,13.24,13.0
Atagay,12,RU,1519320341,67,55.1,99.39,1.67,5.61
Kurumkan,0,RU,1519320343,38,54.33,110.32,-28.03,1.92
Tupik,24,RU,1519320344,63,54.43,119.94,-15.48,2.48
Mnogovershinnyy,64,RU,1519320347,66,53.94,139.92,-9.27,2.59
Magadan,20,RU,1519315200,82,59.56,150.8,-18.41,2.24
Sterling,90,US,1519319880,66,39.0,-77.4,55.4,3.36
Haines Junction,32,CA,1519320353,59,60.75,-137.51,-0.86,2.59
Juneau,90,US,1519318380,86,58.3,-134.42,32.0,17.22
Fort Nelson,75,CA,1519318800,72,58.81,-122.69,12.2,5.82
Yellowknife,90,CA,1519318800,75,62.45,-114.38,-14.81,6.93
Thompson,75,CA,1519318800,60,55.74,-97.86,6.8,16.11
Iqaluit,75,CA,1519318800,61,63.75,-68.52,-20.21,10.29
Pangnirtung,90,CA,1519318800,51,66.15,-65.72,-13.01,19.46
Paamiut,20,GL,1519320362,100,61.99,-49.67,12.92,31.56
Lerwick,40,GB,1519318200,80,60.15,-1.15,42.8,18.34
Vikersund,0,NO,1519314600,79,59.97,9.99,24.8,1.92
Lisiy Nos,20,RU,1519317000,84,60.02,30.02,8.6,8.95
Kharovsk,76,RU,1519320372,81,59.95,40.21,8.1,7.4
Raduzhnyy,76,RU,1519320374,69,62.1,77.47,1.85,9.64
Volchansk,76,RU,1519320375,66,59.94,60.08,-0.77,3.15
Gornopravdinsk,56,RU,1519320376,70,60.06,69.92,7.16,3.94
Kargasok,76,RU,1519320378,89,59.06,80.87,16.07,2.15
Teya,0,RU,1519320379,63,60.37,92.63,-14.53,2.37
Kodinsk,0,RU,1519320381,56,58.6,99.18,-11.66,2.71
Yerbogachen,48,RU,1519320382,64,61.28,108.01,-9.0,4.05
Solnechnyy,12,RU,1519320386,29,50.72,136.64,-20.03,3.6
Arman,20,RU,1519315200,82,59.7,150.17,-18.41,2.24
Palana,44,RU,1519320389,74,59.08,159.95,19.67,5.61
Tilichiki,76,RU,1519320390,80,60.47,166.1,15.44,8.3
Lavrentiya,36,RU,1519320392,100,65.58,-170.99,11.48,22.84
College,90,US,1519318560,100,64.86,-147.8,26.6,2.93
Mayo,64,CA,1519320394,81,63.59,-135.9,1.81,2.71
Norman Wells,75,CA,1519318800,84,65.28,-126.83,5.0,2.48
Hay River,75,CA,1519318800,77,60.82,-115.79,1.4,6.93
Nuuk,75,GL,1519318200,91,64.17,-51.74,1.4,20.8
Tasiilaq,75,GL,1519314600,57,65.61,-37.64,19.4,8.05
Brae,40,GB,1519318200,80,60.4,-1.35,42.8,18.34
Skelleftea,0,SE,1519318200,84,64.75,20.95,1.4,3.36
Kostomuksha,68,RU,1519320407,85,64.59,30.6,9.14,4.05
Severodvinsk,40,RU,1519317000,84,64.56,39.82,8.6,6.71
Koslan,68,RU,1519320410,66,63.46,48.9,-0.58,4.83
Inta,12,RU,1519320411,63,66.04,60.13,0.68,7.07
Yar-Sale,24,RU,1519320413,32,66.83,70.83,-21.47,12.1
Urengoy,20,RU,1519320414,0,65.96,78.37,-33.48,3.15
Turukhansk,44,RU,1519320415,34,65.8,87.96,-23.36,2.71
Tura,44,RU,1519320417,86,64.27,100.22,-20.66,2.37
Aykhal,56,RU,1519320418,70,65.95,111.51,-16.97,2.93
Verkhnevilyuysk,36,RU,1519320419,29,63.45,120.31,-20.25,3.38
Namtsy,0,RU,1519320421,0,62.72,129.66,-39.11,2.59
Ust-Nera,44,RU,1519320422,52,64.57,143.24,-33.03,0.92
Zyryanka,64,RU,1519320424,65,65.73,150.89,-14.22,1.92
Evensk,88,RU,1519320425,100,61.92,159.24,12.6,21.05
Barrow,90,US,1519319700,93,39.51,-90.4,37.4,6.93
Aklavik,90,CA,1519319280,84,68.22,-135.01,15.8,3.38
Tuktoyaktuk,75,CA,1519318800,84,69.44,-133.03,15.8,10.29
Clyde River,75,CA,1519318800,62,70.47,-68.59,-16.61,8.05
Upernavik,68,GL,1519320434,100,72.79,-56.15,-4.5,9.64
Ilulissat,75,GL,1519318200,76,69.22,-51.1,-5.81,16.11
Hofn,20,IS,1519318800,59,64.25,-15.21,35.6,19.46
Raudeberg,40,NO,1519318200,64,61.99,5.14,35.6,10.29
Sorland,75,NO,1519318200,92,67.67,12.69,30.2,18.34
Lyngseidet,20,NO,1519318200,92,69.58,20.21,15.8,4.7
Vadso,75,NO,1519318200,92,70.07,29.75,26.6,11.41
Ostrovnoy,68,RU,1519320447,83,68.05,39.51,7.7,6.17
Tazovskiy,32,RU,1519320451,0,67.47,78.7,-28.39,3.15
Talnakh,8,RU,1519320452,44,69.49,88.39,-28.13,3.94
Khatanga,20,RU,1519320454,61,71.98,102.47,-6.98,13.0
Zhigansk,0,RU,1519320455,47,66.77,123.37,-28.84,3.6
Tiksi,48,RU,1519320457,38,71.64,128.87,-25.16,2.71
Deputatskiy,44,RU,1519320458,42,69.3,139.9,-27.9,5.39
Chokurdakh,36,RU,1519320459,79,70.62,147.9,-17.96,11.88
Cherskiy,56,RU,1519320461,77,68.75,161.3,-7.2,6.73
Pevek,68,RU,1519320462,75,69.7,170.27,0.23,13.67
Qaanaaq,0,GL,1519320464,66,77.48,-69.36,-1.62,13.11
Narsaq,20,GL,1519318200,37,60.91,-46.05,1.4,2.24
Husavik,20,IS,1519315200,64,66.04,-17.34,33.8,12.75
Roald,0,NO,1519318200,69,62.58,6.12,35.6,8.05
Skjervoy,20,NO,1519318200,92,70.03,20.97,8.6,4.7
Berlevag,90,NO,1519318200,92,70.86,29.09,24.8,4.7
Dikson,24,RU,1519320474,72,73.51,80.55,-1.84,21.5
Saskylakh,0,RU,1519320475,40,71.97,114.09,-25.97,3.38
Longyearbyen,20,SJ,1519318200,62,78.22,15.64,21.2,5.82
Mehamn,90,NO,1519318200,79,71.03,27.85,26.6,8.05
